{".env":[".env"],"assets/png/bank.png":["assets/png/bank.png"],"assets/png/bayar/paket-data.png":["assets/png/bayar/paket-data.png"],"assets/png/bayar/pulsa.png":["assets/png/bayar/pulsa.png"],"assets/png/bayar/tagihan-pdam.png":["assets/png/bayar/tagihan-pdam.png"],"assets/png/bayar/tagihan-pln.png":["assets/png/bayar/tagihan-pln.png"],"assets/png/bayar/tagihan-telkom.png":["assets/png/bayar/tagihan-telkom.png"],"assets/png/bayar/token-listrik.png":["assets/png/bayar/token-listrik.png"],"assets/png/bmtdigi.png":["assets/png/bmtdigi.png"],"assets/png/haji1.png":["assets/png/haji1.png"],"assets/png/haji2.png":["assets/png/haji2.png"],"assets/png/haji3.png":["assets/png/haji3.png"],"assets/png/haji4.png":["assets/png/haji4.png"],"assets/png/registration.png":["assets/png/registration.png"],"assets/png/transfer/antar-koperasi.png":["assets/png/transfer/antar-koperasi.png"],"assets/png/transfer/antar-rekening.png":["assets/png/transfer/antar-rekening.png"],"assets/png/transfer/infaq.png":["assets/png/transfer/infaq.png"],"assets/png/transfer/waqaf.png":["assets/png/transfer/waqaf.png"],"assets/svg/akun_profile/date.svg":["assets/svg/akun_profile/date.svg"],"assets/svg/akun_profile/email.svg":["assets/svg/akun_profile/email.svg"],"assets/svg/akun_profile/map_point.svg":["assets/svg/akun_profile/map_point.svg"],"assets/svg/akun_profile/password_changed.svg":["assets/svg/akun_profile/password_changed.svg"],"assets/svg/akun_profile/phone.svg":["assets/svg/akun_profile/phone.svg"],"assets/svg/akun_profile/profile.svg":["assets/svg/akun_profile/profile.svg"],"assets/svg/akun_profile/wallet.svg":["assets/svg/akun_profile/wallet.svg"],"assets/svg/debitcard.svg":["assets/svg/debitcard.svg"],"assets/svg/ibukandung.svg":["assets/svg/ibukandung.svg"],"assets/svg/icon/antar_koperasi.svg":["assets/svg/icon/antar_koperasi.svg"],"assets/svg/icon/antar_rekening.svg":["assets/svg/icon/antar_rekening.svg"],"assets/svg/icon/infaq.svg":["assets/svg/icon/infaq.svg"],"assets/svg/icon/paket_data.svg":["assets/svg/icon/paket_data.svg"],"assets/svg/icon/pdam.svg":["assets/svg/icon/pdam.svg"],"assets/svg/icon/pulsa.svg":["assets/svg/icon/pulsa.svg"],"assets/svg/icon/tagihan_pln.svg":["assets/svg/icon/tagihan_pln.svg"],"assets/svg/icon/tagihan_telkom.svg":["assets/svg/icon/tagihan_telkom.svg"],"assets/svg/icon/token_listrik.svg":["assets/svg/icon/token_listrik.svg"],"assets/svg/icon/waqaf.svg":["assets/svg/icon/waqaf.svg"],"assets/svg/icon1.svg":["assets/svg/icon1.svg"],"assets/svg/icon_close.svg":["assets/svg/icon_close.svg"],"assets/svg/icondate.svg":["assets/svg/icondate.svg"],"assets/svg/iconmoneyout.svg":["assets/svg/iconmoneyout.svg"],"assets/svg/ktp.svg":["assets/svg/ktp.svg"],"assets/svg/line.svg":["assets/svg/line.svg"],"packages/cupertino_icons/assets/CupertinoIcons.ttf":["packages/cupertino_icons/assets/CupertinoIcons.ttf"],"packages/fluttertoast/assets/toastify.css":["packages/fluttertoast/assets/toastify.css"],"packages/fluttertoast/assets/toastify.js":["packages/fluttertoast/assets/toastify.js"]}